<?xml version="1.0" encoding="UTF-8" standalone="no"?>
<catalog prefer="public" xmlns="urn:oasis:names:tc:entity:xmlns:xml:catalog">
  <uri id="User Entered Import Resolution" uri="./CIV/FundsExt/CIVClassification.rdf" name="https://spec.edmcouncil.org/fibo/ontology/master/latest/CIV/FundsExt/CIVClassification/"/>
  <uri id="User Entered Import Resolution" uri="./CIV/Funds/CIV.rdf" name="https://spec.edmcouncil.org/fibo/ontology/master/latest/CIV/Funds/CIV/"/>
  <uri id="User Entered Import Resolution" uri="./SEC/1.0/AboutSEC-1.0.rdf" name="https://spec.edmcouncil.org/fibo/ontology/master/latest/SEC/1.0/AboutSEC-1.0/"/>
  <uri id="User Entered Import Resolution" uri="./SEC/1.0/AboutSEC-1.0-ReferenceIndividuals.rdf" name="https://spec.edmcouncil.org/fibo/ontology/master/latest/SEC/1.0/AboutSEC-1.0-ReferenceIndividuals/"/>
  <uri id="User Entered Import Resolution" uri="./SEC/AboutSEC.rdf" name="https://spec.edmcouncil.org/fibo/ontology/master/latest/SEC/AboutSEC/"/>
  <uri id="User Entered Import Resolution" uri="./SEC/SecuritiesExt/SchedulesExt.rdf" name="https://spec.edmcouncil.org/fibo/ontology/master/latest/SEC/SecuritiesExt/SchedulesExt/"/>
  <uri id="User Entered Import Resolution" uri="./SEC/SecuritiesExt/SecuritiesExt.rdf" name="https://spec.edmcouncil.org/fibo/ontology/master/latest/SEC/SecuritiesExt/SecuritiesExt/"/>
  <uri id="User Entered Import Resolution" uri="./SEC/SecuritiesExt/SecuritiesRisk.rdf" name="https://spec.edmcouncil.org/fibo/ontology/master/latest/SEC/SecuritiesExt/SecuritiesRisk/"/>
  <uri id="User Entered Import Resolution" uri="./SEC/SecuritiesExt/SecuritiesRestrictionsExt.rdf" name="https://spec.edmcouncil.org/fibo/ontology/master/latest/SEC/SecuritiesExt/SecuritiesRestrictionsExt/"/>
  <uri id="User Entered Import Resolution" uri="./SEC/SecuritiesExt/SecurityAssetsExt.rdf" name="https://spec.edmcouncil.org/fibo/ontology/master/latest/SEC/SecuritiesExt/SecurityAssetsExt/"/>
  <uri id="User Entered Import Resolution" uri="./SEC/SecuritiesExt/SecuritiesListingsExt.rdf" name="https://spec.edmcouncil.org/fibo/ontology/master/latest/SEC/SecuritiesExt/SecuritiesListingsExt/"/>
  <uri id="User Entered Import Resolution" uri="./SEC/SecuritiesExt/SecuritiesTaxTreatment.rdf" name="https://spec.edmcouncil.org/fibo/ontology/master/latest/SEC/SecuritiesExt/SecuritiesTaxTreatment/"/>
  <uri id="User Entered Import Resolution" uri="./SEC/Debt/DebtInstruments.rdf" name="https://spec.edmcouncil.org/fibo/ontology/master/latest/SEC/Debt/DebtInstruments/"/>
  <uri id="User Entered Import Resolution" uri="./SEC/Debt/MoneyMarkets/TermDeposits.rdf" name="https://spec.edmcouncil.org/fibo/ontology/master/latest/SEC/Debt/MoneyMarkets/TermDeposits/"/>
  <uri id="User Entered Import Resolution" uri="./SEC/Debt/MoneyMarkets/TradedShortTermDebt.rdf" name="https://spec.edmcouncil.org/fibo/ontology/master/latest/SEC/Debt/MoneyMarkets/TradedShortTermDebt/"/>
  <uri id="User Entered Import Resolution" uri="./SEC/Debt/MoneyMarkets/REPOs.rdf" name="https://spec.edmcouncil.org/fibo/ontology/master/latest/SEC/Debt/MoneyMarkets/REPOs/"/>
  <uri id="User Entered Import Resolution" uri="./SEC/Debt/MoneyMarkets/LoanParticipationNotes.rdf" name="https://spec.edmcouncil.org/fibo/ontology/master/latest/SEC/Debt/MoneyMarkets/LoanParticipationNotes/"/>
  <uri id="User Entered Import Resolution" uri="./SEC/Debt/DebtFoundationsExt/DebtInstrumentsExt.rdf" name="https://spec.edmcouncil.org/fibo/ontology/master/latest/SEC/Debt/DebtFoundationsExt/DebtInstrumentsExt/"/>
  <uri id="User Entered Import Resolution" uri="./SEC/Debt/DebtFoundationsExt/GuarantyExt.rdf" name="https://spec.edmcouncil.org/fibo/ontology/master/latest/SEC/Debt/DebtFoundationsExt/GuarantyExt/"/>
  <uri id="User Entered Import Resolution" uri="./SEC/Debt/DebtFoundations/DebtIssuanceTerms.rdf" name="https://spec.edmcouncil.org/fibo/ontology/master/latest/SEC/Debt/DebtFoundations/DebtIssuanceTerms/"/>
  <uri id="User Entered Import Resolution" uri="./SEC/Debt/DebtFoundations/DebtInstrumentGuaranties.rdf" name="https://spec.edmcouncil.org/fibo/ontology/master/latest/SEC/Debt/DebtFoundations/DebtInstrumentGuaranties/"/>
  <uri id="User Entered Import Resolution" uri="./SEC/Debt/DebtFoundations/DebtCashflowTerms.rdf" name="https://spec.edmcouncil.org/fibo/ontology/master/latest/SEC/Debt/DebtFoundations/DebtCashflowTerms/"/>
  <uri id="User Entered Import Resolution" uri="./SEC/Debt/DebtFoundations/DebtFinance.rdf" name="https://spec.edmcouncil.org/fibo/ontology/master/latest/SEC/Debt/DebtFoundations/DebtFinance/"/>
  <uri id="User Entered Import Resolution" uri="./SEC/Debt/DebtFoundations/ParityVariants.rdf" name="https://spec.edmcouncil.org/fibo/ontology/master/latest/SEC/Debt/DebtFoundations/ParityVariants/"/>
  <uri id="User Entered Import Resolution" uri="./SEC/Debt/DebtFoundations/ParticipationNotes.rdf" name="https://spec.edmcouncil.org/fibo/ontology/master/latest/SEC/Debt/DebtFoundations/ParticipationNotes/"/>
  <uri id="User Entered Import Resolution" uri="./SEC/Debt/Bonds/BondsListings.rdf" name="https://spec.edmcouncil.org/fibo/ontology/master/latest/SEC/Debt/Bonds/BondsListings/"/>
  <uri id="User Entered Import Resolution" uri="./SEC/Debt/Bonds/BondsCashflowVariants.rdf" name="https://spec.edmcouncil.org/fibo/ontology/master/latest/SEC/Debt/Bonds/BondsCashflowVariants/"/>
  <uri id="User Entered Import Resolution" uri="./SEC/Debt/Bonds/BondsCommon.rdf" name="https://spec.edmcouncil.org/fibo/ontology/master/latest/SEC/Debt/Bonds/BondsCommon/"/>
  <uri id="User Entered Import Resolution" uri="./SEC/Debt/Bonds/STRIPs.rdf" name="https://spec.edmcouncil.org/fibo/ontology/master/latest/SEC/Debt/Bonds/STRIPs/"/>
  <uri id="User Entered Import Resolution" uri="./SEC/Debt/Bonds/BondsIssuerVariants.rdf" name="https://spec.edmcouncil.org/fibo/ontology/master/latest/SEC/Debt/Bonds/BondsIssuerVariants/"/>
  <uri id="User Entered Import Resolution" uri="./SEC/Debt/Bonds/BondsTaxTreatment.rdf" name="https://spec.edmcouncil.org/fibo/ontology/master/latest/SEC/Debt/Bonds/BondsTaxTreatment/"/>
  <uri id="User Entered Import Resolution" uri="./SEC/Debt/Bonds/BondsCashflowTerms.rdf" name="https://spec.edmcouncil.org/fibo/ontology/master/latest/SEC/Debt/Bonds/BondsCashflowTerms/"/>
  <uri id="User Entered Import Resolution" uri="./SEC/Debt/AssetBacked/MortgageBackedSecurities.rdf" name="https://spec.edmcouncil.org/fibo/ontology/master/latest/SEC/Debt/AssetBacked/MortgageBackedSecurities/"/>
  <uri id="User Entered Import Resolution" uri="./SEC/Debt/AssetBacked/PoolBackedSecurities.rdf" name="https://spec.edmcouncil.org/fibo/ontology/master/latest/SEC/Debt/AssetBacked/PoolBackedSecurities/"/>
  <uri id="User Entered Import Resolution" uri="./SEC/Debt/AssetBacked/CBOs.rdf" name="https://spec.edmcouncil.org/fibo/ontology/master/latest/SEC/Debt/AssetBacked/CBOs/"/>
  <uri id="User Entered Import Resolution" uri="./SEC/Debt/AssetBacked/CDOs.rdf" name="https://spec.edmcouncil.org/fibo/ontology/master/latest/SEC/Debt/AssetBacked/CDOs/"/>
  <uri id="User Entered Import Resolution" uri="./SEC/Debt/AssetBacked/CMOs.rdf" name="https://spec.edmcouncil.org/fibo/ontology/master/latest/SEC/Debt/AssetBacked/CMOs/"/>
  <uri id="User Entered Import Resolution" uri="./SEC/Debt/AssetBacked/SyntheticCDOs.rdf" name="https://spec.edmcouncil.org/fibo/ontology/master/latest/SEC/Debt/AssetBacked/SyntheticCDOs/"/>
  <uri id="User Entered Import Resolution" uri="./SEC/Debt/AssetBacked/AssetBackedSPVs.rdf" name="https://spec.edmcouncil.org/fibo/ontology/master/latest/SEC/Debt/AssetBacked/AssetBackedSPVs/"/>
  <uri id="User Entered Import Resolution" uri="./SEC/Debt/AssetBacked/CLOs.rdf" name="https://spec.edmcouncil.org/fibo/ontology/master/latest/SEC/Debt/AssetBacked/CLOs/"/>
  <uri id="User Entered Import Resolution" uri="./SEC/Debt/AssetBacked/AssetBackedSecurities.rdf" name="https://spec.edmcouncil.org/fibo/ontology/master/latest/SEC/Debt/AssetBacked/AssetBackedSecurities/"/>
  <uri id="User Entered Import Resolution" uri="./SEC/Securities/Baskets.rdf" name="https://spec.edmcouncil.org/fibo/ontology/master/latest/SEC/Securities/Baskets/"/>
  <uri id="User Entered Import Resolution" uri="./SEC/Securities/SecuritiesRestrictions.rdf" name="https://spec.edmcouncil.org/fibo/ontology/master/latest/SEC/Securities/SecuritiesRestrictions/"/>
  <uri id="User Entered Import Resolution" uri="./SEC/Securities/SecuritiesIdentificationIndividuals.rdf" name="https://spec.edmcouncil.org/fibo/ontology/master/latest/SEC/Securities/SecuritiesIdentificationIndividuals/"/>
  <uri id="User Entered Import Resolution" uri="./SEC/Securities/Pools.rdf" name="https://spec.edmcouncil.org/fibo/ontology/master/latest/SEC/Securities/Pools/"/>
  <uri id="User Entered Import Resolution" uri="./SEC/Securities/SecuritiesIssuance.rdf" name="https://spec.edmcouncil.org/fibo/ontology/master/latest/SEC/Securities/SecuritiesIssuance/"/>
  <uri id="User Entered Import Resolution" uri="./SEC/Securities/ParametricSchedules.rdf" name="https://spec.edmcouncil.org/fibo/ontology/master/latest/SEC/Securities/ParametricSchedules/"/>
  <uri id="User Entered Import Resolution" uri="./SEC/Securities/SecuritiesListings.rdf" name="https://spec.edmcouncil.org/fibo/ontology/master/latest/SEC/Securities/SecuritiesListings/"/>
  <uri id="User Entered Import Resolution" uri="./SEC/Securities/SecurityAssets.rdf" name="https://spec.edmcouncil.org/fibo/ontology/master/latest/SEC/Securities/SecurityAssets/"/>
  <uri id="User Entered Import Resolution" uri="./SEC/Securities/SecuritiesIdentification.rdf" name="https://spec.edmcouncil.org/fibo/ontology/master/latest/SEC/Securities/SecuritiesIdentification/"/>
  <uri id="User Entered Import Resolution" uri="./SEC/Securities/SecuritiesClassification.rdf" name="https://spec.edmcouncil.org/fibo/ontology/master/latest/SEC/Securities/SecuritiesClassification/"/>
  <uri id="User Entered Import Resolution" uri="./SEC/Equities/EquityInstruments.rdf" name="https://spec.edmcouncil.org/fibo/ontology/master/latest/SEC/Equities/EquityInstruments/"/>
  <uri id="User Entered Import Resolution" uri="./SEC/Equities/ShareTerms.rdf" name="https://spec.edmcouncil.org/fibo/ontology/master/latest/SEC/Equities/ShareTerms/"/>
  <uri id="User Entered Import Resolution" uri="./SEC/Equities/EquityIssuanceTerms.rdf" name="https://spec.edmcouncil.org/fibo/ontology/master/latest/SEC/Equities/EquityIssuanceTerms/"/>
  <uri id="User Entered Import Resolution" uri="./SEC/Equities/ShareholderEquity.rdf" name="https://spec.edmcouncil.org/fibo/ontology/master/latest/SEC/Equities/ShareholderEquity/"/>
  <uri id="User Entered Import Resolution" uri="./SEC/Equities/DepositaryReceipts.rdf" name="https://spec.edmcouncil.org/fibo/ontology/master/latest/SEC/Equities/DepositaryReceipts/"/>
  <uri id="User Entered Import Resolution" uri="./SEC/Equities/ShareholderRights.rdf" name="https://spec.edmcouncil.org/fibo/ontology/master/latest/SEC/Equities/ShareholderRights/"/>
  <uri id="User Entered Import Resolution" uri="./SEC/Equities/LimitedPartnershipEquities.rdf" name="https://spec.edmcouncil.org/fibo/ontology/master/latest/SEC/Equities/LimitedPartnershipEquities/"/>
  <uri id="User Entered Import Resolution" uri="./LOAN/Loans/LoanBasicTerms.rdf" name="https://spec.edmcouncil.org/fibo/ontology/master/latest/LOAN/Loans/LoanBasicTerms/"/>
  <uri id="User Entered Import Resolution" uri="./LOAN/Loans/LoansCollateral.rdf" name="https://spec.edmcouncil.org/fibo/ontology/master/latest/LOAN/Loans/LoansCollateral/"/>
  <uri id="User Entered Import Resolution" uri="./LOAN/Loans/LoansRegulatory.rdf" name="https://spec.edmcouncil.org/fibo/ontology/master/latest/LOAN/Loans/LoansRegulatory/"/>
  <uri id="User Entered Import Resolution" uri="./LOAN/Loans/LoansGuaranties.rdf" name="https://spec.edmcouncil.org/fibo/ontology/master/latest/LOAN/Loans/LoansGuaranties/"/>
  <uri id="User Entered Import Resolution" uri="./LOAN/Loans/LoansGeneral.rdf" name="https://spec.edmcouncil.org/fibo/ontology/master/latest/LOAN/Loans/LoansGeneral/"/>
  <uri id="User Entered Import Resolution" uri="./LOAN/Loans/LoansParties.rdf" name="https://spec.edmcouncil.org/fibo/ontology/master/latest/LOAN/Loans/LoansParties/"/>
  <uri id="User Entered Import Resolution" uri="./LOAN/AboutLOAN.rdf" name="https://spec.edmcouncil.org/fibo/ontology/master/latest/LOAN/AboutLOAN/"/>
  <uri id="User Entered Import Resolution" uri="./LOAN/LoanContracts/LoanGeneric.rdf" name="https://spec.edmcouncil.org/fibo/ontology/master/latest/LOAN/LoanContracts/LoanGeneric/"/>
  <uri id="User Entered Import Resolution" uri="./LOAN/LoanContracts/LoanHMDA.rdf" name="https://spec.edmcouncil.org/fibo/ontology/master/latest/LOAN/LoanContracts/LoanHMDA/"/>
  <uri id="User Entered Import Resolution" uri="./LOAN/LoanContracts/LoanCore.rdf" name="https://spec.edmcouncil.org/fibo/ontology/master/latest/LOAN/LoanContracts/LoanCore/"/>
  <uri id="User Entered Import Resolution" uri="./LOAN/LoanTypes/PersonalLoans.rdf" name="https://spec.edmcouncil.org/fibo/ontology/master/latest/LOAN/LoanTypes/PersonalLoans/"/>
  <uri id="User Entered Import Resolution" uri="./LOAN/LoanTypes/MortgageLoans.rdf" name="https://spec.edmcouncil.org/fibo/ontology/master/latest/LOAN/LoanTypes/MortgageLoans/"/>
  <uri id="User Entered Import Resolution" uri="./LOAN/LoanTypes/UnsecuredLoans.rdf" name="https://spec.edmcouncil.org/fibo/ontology/master/latest/LOAN/LoanTypes/UnsecuredLoans/"/>
  <uri id="User Entered Import Resolution" uri="./LOAN/LoanTypes/ConstructionLoans.rdf" name="https://spec.edmcouncil.org/fibo/ontology/master/latest/LOAN/LoanTypes/ConstructionLoans/"/>
  <uri id="User Entered Import Resolution" uri="./LOAN/LoanTypes/StudentLoans.rdf" name="https://spec.edmcouncil.org/fibo/ontology/master/latest/LOAN/LoanTypes/StudentLoans/"/>
  <uri id="User Entered Import Resolution" uri="./LOAN/LoanTypes/LoanProducts.rdf" name="https://spec.edmcouncil.org/fibo/ontology/master/latest/LOAN/LoanTypes/LoanProducts/"/>
  <uri id="User Entered Import Resolution" uri="./LOAN/LoanTypes/CreditProducts.rdf" name="https://spec.edmcouncil.org/fibo/ontology/master/latest/LOAN/LoanTypes/CreditProducts/"/>
  <uri id="User Entered Import Resolution" uri="./LOAN/LoanTypes/GeneralLoans.rdf" name="https://spec.edmcouncil.org/fibo/ontology/master/latest/LOAN/LoanTypes/GeneralLoans/"/>
  <uri id="User Entered Import Resolution" uri="./LOAN/LoanTypes/SecuredLoans.rdf" name="https://spec.edmcouncil.org/fibo/ontology/master/latest/LOAN/LoanTypes/SecuredLoans/"/>
  <uri id="User Entered Import Resolution" uri="./LOAN/LoanTypes/CommercialLoans.rdf" name="https://spec.edmcouncil.org/fibo/ontology/master/latest/LOAN/LoanTypes/CommercialLoans/"/>
  <uri id="User Entered Import Resolution" uri="./LOAN/LoansTemporal/LoanCollateralTemporal.rdf" name="https://spec.edmcouncil.org/fibo/ontology/master/latest/LOAN/LoansTemporal/LoanCollateralTemporal/"/>
  <uri id="User Entered Import Resolution" uri="./LOAN/LoansTemporal/LoansAppraisal.rdf" name="https://spec.edmcouncil.org/fibo/ontology/master/latest/LOAN/LoansTemporal/LoansAppraisal/"/>
  <uri id="User Entered Import Resolution" uri="./LOAN/LoansTemporal/LoanBorrowersTemporal.rdf" name="https://spec.edmcouncil.org/fibo/ontology/master/latest/LOAN/LoansTemporal/LoanBorrowersTemporal/"/>
  <uri id="User Entered Import Resolution" uri="./LOAN/LoansTemporal/LoansEvents.rdf" name="https://spec.edmcouncil.org/fibo/ontology/master/latest/LOAN/LoansTemporal/LoansEvents/"/>
  <uri id="User Entered Import Resolution" uri="./LOAN/LoansTemporal/LoansStatus.rdf" name="https://spec.edmcouncil.org/fibo/ontology/master/latest/LOAN/LoansTemporal/LoansStatus/"/>
  <uri id="User Entered Import Resolution" uri="./LOAN/LoansTemporal/LoanApplicationsTemporal.rdf" name="https://spec.edmcouncil.org/fibo/ontology/master/latest/LOAN/LoansTemporal/LoanApplicationsTemporal/"/>
  <uri id="User Entered Import Resolution" uri="./LOAN/LoansTemporal/LoanPhases.rdf" name="https://spec.edmcouncil.org/fibo/ontology/master/latest/LOAN/LoansTemporal/LoanPhases/"/>
  <uri id="User Entered Import Resolution" uri="./LOAN/LoansTemporal/LoansLTV.rdf" name="https://spec.edmcouncil.org/fibo/ontology/master/latest/LOAN/LoansTemporal/LoansLTV/"/>
  <uri id="User Entered Import Resolution" uri="./LOAN/LoansTemporal/LoansTemporal.rdf" name="https://spec.edmcouncil.org/fibo/ontology/master/latest/LOAN/LoansTemporal/LoansTemporal/"/>
  <uri id="User Entered Import Resolution" uri="./LOAN/LoansTemporal/ConstructionLoansTemporal.rdf" name="https://spec.edmcouncil.org/fibo/ontology/master/latest/LOAN/LoansTemporal/ConstructionLoansTemporal/"/>
  <uri id="User Entered Import Resolution" uri="./LOAN/AboutLOAN-1.0.rdf" name="https://spec.edmcouncil.org/fibo/ontology/master/latest/LOAN/AboutLOAN-1.0/"/>
  <uri id="User Entered Import Resolution" uri="./IND/1.0/AboutIND-1.0-NorthAmerica.rdf" name="https://spec.edmcouncil.org/fibo/ontology/master/latest/IND/1.0/AboutIND-1.0-NorthAmerica/"/>
  <uri id="User Entered Import Resolution" uri="./IND/1.0/AboutIND-1.0.rdf" name="https://spec.edmcouncil.org/fibo/ontology/master/latest/IND/1.0/AboutIND-1.0/"/>
  <uri id="User Entered Import Resolution" uri="./IND/InterestRates/InterestRates.rdf" name="https://spec.edmcouncil.org/fibo/ontology/master/latest/IND/InterestRates/InterestRates/"/>
  <uri id="User Entered Import Resolution" uri="./IND/InterestRates/AboutInterestRates.rdf" name="https://spec.edmcouncil.org/fibo/ontology/master/latest/IND/InterestRates/AboutInterestRates/"/>
  <uri id="User Entered Import Resolution" uri="./IND/InterestRates/CommonInterestRates.rdf" name="https://spec.edmcouncil.org/fibo/ontology/master/latest/IND/InterestRates/CommonInterestRates/"/>
  <uri id="User Entered Import Resolution" uri="./IND/InterestRates/InterestRatePublishers.rdf" name="https://spec.edmcouncil.org/fibo/ontology/master/latest/IND/InterestRates/InterestRatePublishers/"/>
  <uri id="User Entered Import Resolution" uri="./IND/EconomicIndicators/AboutEconomicIndicators.rdf" name="https://spec.edmcouncil.org/fibo/ontology/master/latest/IND/EconomicIndicators/AboutEconomicIndicators/"/>
  <uri id="User Entered Import Resolution" uri="./IND/EconomicIndicators/EconomicIndicators.rdf" name="https://spec.edmcouncil.org/fibo/ontology/master/latest/IND/EconomicIndicators/EconomicIndicators/"/>
  <uri id="User Entered Import Resolution" uri="./IND/EconomicIndicators/NorthAmericanIndicators/USEconomicIndicators.rdf" name="https://spec.edmcouncil.org/fibo/ontology/master/latest/IND/EconomicIndicators/NorthAmericanIndicators/USEconomicIndicators/"/>
  <uri id="User Entered Import Resolution" uri="./IND/EconomicIndicators/NorthAmericanIndicators/CAEconomicIndicators.rdf" name="https://spec.edmcouncil.org/fibo/ontology/master/latest/IND/EconomicIndicators/NorthAmericanIndicators/CAEconomicIndicators/"/>
  <uri id="User Entered Import Resolution" uri="./IND/EconomicIndicators/EconomicIndicatorPublishers.rdf" name="https://spec.edmcouncil.org/fibo/ontology/master/latest/IND/EconomicIndicators/EconomicIndicatorPublishers/"/>
  <uri id="User Entered Import Resolution" uri="./IND/MarketIndicesExt/CreditIndices.rdf" name="https://spec.edmcouncil.org/fibo/ontology/master/latest/IND/MarketIndicesExt/CreditIndices/"/>
  <uri id="User Entered Import Resolution" uri="./IND/MarketIndicesExt/BasketIndexPublishers.rdf" name="https://spec.edmcouncil.org/fibo/ontology/master/latest/IND/MarketIndicesExt/BasketIndexPublishers/"/>
  <uri id="User Entered Import Resolution" uri="./IND/MarketIndicesExt/BasketIndices.rdf" name="https://spec.edmcouncil.org/fibo/ontology/master/latest/IND/MarketIndicesExt/BasketIndices/"/>
  <uri id="User Entered Import Resolution" uri="./IND/ForeignExchange/ForeignExchange.rdf" name="https://spec.edmcouncil.org/fibo/ontology/master/latest/IND/ForeignExchange/ForeignExchange/"/>
  <uri id="User Entered Import Resolution" uri="./IND/ForeignExchange/AboutForeignExchange.rdf" name="https://spec.edmcouncil.org/fibo/ontology/master/latest/IND/ForeignExchange/AboutForeignExchange/"/>
  <uri id="User Entered Import Resolution" uri="./IND/1.1/AboutIND-1.1-ReferenceRates.rdf" name="https://spec.edmcouncil.org/fibo/ontology/master/latest/IND/1.1/AboutIND-1.1-ReferenceRates/"/>
  <uri id="User Entered Import Resolution" uri="./IND/1.1/AboutIND-1.1.rdf" name="https://spec.edmcouncil.org/fibo/ontology/master/latest/IND/1.1/AboutIND-1.1/"/>
  <uri id="User Entered Import Resolution" uri="./IND/1.1/AboutIND-1.1-NorthAmerica.rdf" name="https://spec.edmcouncil.org/fibo/ontology/master/latest/IND/1.1/AboutIND-1.1-NorthAmerica/"/>
  <uri id="User Entered Import Resolution" uri="./IND/IndicatorsExt/IndicatorsValues.rdf" name="https://spec.edmcouncil.org/fibo/ontology/master/latest/IND/IndicatorsExt/IndicatorsValues/"/>
  <uri id="User Entered Import Resolution" uri="./IND/AboutIND.rdf" name="https://spec.edmcouncil.org/fibo/ontology/master/latest/IND/AboutIND/"/>
  <uri id="User Entered Import Resolution" uri="./IND/Indicators/Indicators.rdf" name="https://spec.edmcouncil.org/fibo/ontology/master/latest/IND/Indicators/Indicators/"/>
  <uri id="User Entered Import Resolution" uri="./IND/Indicators/AboutIndicators.rdf" name="https://spec.edmcouncil.org/fibo/ontology/master/latest/IND/Indicators/AboutIndicators/"/>
  <uri id="User Entered Import Resolution" uri="./FBC/1.0/AboutFBC-1.0-test.rdf" name="https://spec.edmcouncil.org/fibo/ontology/master/latest/FBC/1.0/AboutFBC-1.0-test/"/>
  <uri id="User Entered Import Resolution" uri="./FBC/1.0/AboutFBC-1.0.rdf" name="https://spec.edmcouncil.org/fibo/ontology/master/latest/FBC/1.0/AboutFBC-1.0/"/>
  <uri id="User Entered Import Resolution" uri="./FBC/1.0/AboutFBC-1.0-NorthAmerica.rdf" name="https://spec.edmcouncil.org/fibo/ontology/master/latest/FBC/1.0/AboutFBC-1.0-NorthAmerica/"/>
  <uri id="User Entered Import Resolution" uri="./FBC/DebtAndEquities/Guaranty.rdf" name="https://spec.edmcouncil.org/fibo/ontology/master/latest/FBC/DebtAndEquities/Guaranty/"/>
  <uri id="User Entered Import Resolution" uri="./FBC/DebtAndEquities/Debt.rdf" name="https://spec.edmcouncil.org/fibo/ontology/master/latest/FBC/DebtAndEquities/Debt/"/>
  <uri id="User Entered Import Resolution" uri="./FBC/DebtAndEquities/AboutDebtAndEquities.rdf" name="https://spec.edmcouncil.org/fibo/ontology/master/latest/FBC/DebtAndEquities/AboutDebtAndEquities/"/>
  <uri id="User Entered Import Resolution" uri="./FBC/DebtAndEquities/CreditFacilities.rdf" name="https://spec.edmcouncil.org/fibo/ontology/master/latest/FBC/DebtAndEquities/CreditFacilities/"/>
  <uri id="User Entered Import Resolution" uri="./FBC/DebtAndEquityExt/DebtPerspectives.rdf" name="https://spec.edmcouncil.org/fibo/ontology/master/latest/FBC/DebtAndEquityExt/DebtPerspectives/"/>
  <uri id="User Entered Import Resolution" uri="./FBC/FinancialInstruments/FinancialInstruments.rdf" name="https://spec.edmcouncil.org/fibo/ontology/master/latest/FBC/FinancialInstruments/FinancialInstruments/"/>
  <uri id="User Entered Import Resolution" uri="./FBC/FinancialInstruments/AboutFinancialInstruments.rdf" name="https://spec.edmcouncil.org/fibo/ontology/master/latest/FBC/FinancialInstruments/AboutFinancialInstruments/"/>
  <uri id="User Entered Import Resolution" uri="./FBC/AboutFBC.rdf" name="https://spec.edmcouncil.org/fibo/ontology/master/latest/FBC/AboutFBC/"/>
  <uri id="User Entered Import Resolution" uri="./FBC/1.1/AboutFBC-1.1.rdf" name="https://spec.edmcouncil.org/fibo/ontology/master/latest/FBC/1.1/AboutFBC-1.1/"/>
  <uri id="User Entered Import Resolution" uri="./FBC/1.1/AboutFBC-1.1-NorthAmerica.rdf" name="https://spec.edmcouncil.org/fibo/ontology/master/latest/FBC/1.1/AboutFBC-1.1-NorthAmerica/"/>
  <uri id="User Entered Import Resolution" uri="./FBC/1.1/AboutFBC-1.1-EuropeAndNorthAmerica.rdf" name="https://spec.edmcouncil.org/fibo/ontology/master/latest/FBC/1.1/AboutFBC-1.1-EuropeAndNorthAmerica/"/>
  <uri id="User Entered Import Resolution" uri="./FBC/1.1/AboutFBC-1.1-Europe.rdf" name="https://spec.edmcouncil.org/fibo/ontology/master/latest/FBC/1.1/AboutFBC-1.1-Europe/"/>
  <uri id="User Entered Import Resolution" uri="./FBC/ProductsAndServices/FinancialProductsAndServices.rdf" name="https://spec.edmcouncil.org/fibo/ontology/master/latest/FBC/ProductsAndServices/FinancialProductsAndServices/"/>
  <uri id="User Entered Import Resolution" uri="./FBC/ProductsAndServices/AboutFBCProductsAndServices.rdf" name="https://spec.edmcouncil.org/fibo/ontology/master/latest/FBC/ProductsAndServices/AboutFBCProductsAndServices/"/>
  <uri id="User Entered Import Resolution" uri="./FBC/ProductsAndServices/ClientsAndAccounts.rdf" name="https://spec.edmcouncil.org/fibo/ontology/master/latest/FBC/ProductsAndServices/ClientsAndAccounts/"/>
  <uri id="User Entered Import Resolution" uri="./FBC/ProductsAndServices/AboutProductsAndServices.rdf" name="https://spec.edmcouncil.org/fibo/ontology/master/latest/FBC/ProductsAndServices/AboutProductsAndServices/"/>
  <uri id="User Entered Import Resolution" uri="./FBC/FunctionalEntities/EuropeanEntities/EUFinancialServicesEntities.rdf" name="https://spec.edmcouncil.org/fibo/ontology/master/latest/FBC/FunctionalEntities/EuropeanEntities/EUFinancialServicesEntities/"/>
  <uri id="User Entered Import Resolution" uri="./FBC/FunctionalEntities/EuropeanEntities/EuropeanFinancialServicesEntitiesIndividuals.rdf" name="https://spec.edmcouncil.org/fibo/ontology/master/latest/FBC/FunctionalEntities/EuropeanEntities/EuropeanFinancialServicesEntitiesIndividuals/"/>
  <uri id="User Entered Import Resolution" uri="./FBC/FunctionalEntities/EuropeanEntities/EURegulatoryAgencies.rdf" name="https://spec.edmcouncil.org/fibo/ontology/master/latest/FBC/FunctionalEntities/EuropeanEntities/EURegulatoryAgencies/"/>
  <uri id="User Entered Import Resolution" uri="./FBC/FunctionalEntities/FinancialServicesEntities.rdf" name="https://spec.edmcouncil.org/fibo/ontology/master/latest/FBC/FunctionalEntities/FinancialServicesEntities/"/>
  <uri id="User Entered Import Resolution" uri="./FBC/FunctionalEntities/RegistrationAuthorities.rdf" name="https://spec.edmcouncil.org/fibo/ontology/master/latest/FBC/FunctionalEntities/RegistrationAuthorities/"/>
  <uri id="User Entered Import Resolution" uri="./FBC/FunctionalEntities/AboutFBCFunctionalEntities.rdf" name="https://spec.edmcouncil.org/fibo/ontology/master/latest/FBC/FunctionalEntities/AboutFBCFunctionalEntities/"/>
  <uri id="User Entered Import Resolution" uri="./FBC/FunctionalEntities/Markets.rdf" name="https://spec.edmcouncil.org/fibo/ontology/master/latest/FBC/FunctionalEntities/Markets/"/>
  <uri id="User Entered Import Resolution" uri="./FBC/FunctionalEntities/BusinessRegistries.rdf" name="https://spec.edmcouncil.org/fibo/ontology/master/latest/FBC/FunctionalEntities/BusinessRegistries/"/>
  <uri id="User Entered Import Resolution" uri="./FBC/FunctionalEntities/NorthAmericanEntities/USRegulatoryAgencies.rdf" name="https://spec.edmcouncil.org/fibo/ontology/master/latest/FBC/FunctionalEntities/NorthAmericanEntities/USRegulatoryAgencies/"/>
  <uri id="User Entered Import Resolution" uri="./FBC/FunctionalEntities/NorthAmericanEntities/USFinancialServicesEntitiesIndividuals.rdf" name="https://spec.edmcouncil.org/fibo/ontology/master/latest/FBC/FunctionalEntities/NorthAmericanEntities/USFinancialServicesEntitiesIndividuals/"/>
  <uri id="User Entered Import Resolution" uri="./FBC/FunctionalEntities/NorthAmericanEntities/USExampleIndividuals.rdf" name="https://spec.edmcouncil.org/fibo/ontology/master/latest/FBC/FunctionalEntities/NorthAmericanEntities/USExampleIndividuals/"/>
  <uri id="User Entered Import Resolution" uri="./FBC/FunctionalEntities/NorthAmericanEntities/USFinancialServicesEntities.rdf" name="https://spec.edmcouncil.org/fibo/ontology/master/latest/FBC/FunctionalEntities/NorthAmericanEntities/USFinancialServicesEntities/"/>
  <uri id="User Entered Import Resolution" uri="./FBC/FunctionalEntities/NorthAmericanEntities/CAFinancialServicesEntities.rdf" name="https://spec.edmcouncil.org/fibo/ontology/master/latest/FBC/FunctionalEntities/NorthAmericanEntities/CAFinancialServicesEntities/"/>
  <uri id="User Entered Import Resolution" uri="./FBC/FunctionalEntities/NorthAmericanEntities/CARegulatoryAgencies.rdf" name="https://spec.edmcouncil.org/fibo/ontology/master/latest/FBC/FunctionalEntities/NorthAmericanEntities/CARegulatoryAgencies/"/>
  <uri id="User Entered Import Resolution" uri="./FBC/FunctionalEntities/RegulatoryAgencies.rdf" name="https://spec.edmcouncil.org/fibo/ontology/master/latest/FBC/FunctionalEntities/RegulatoryAgencies/"/>
  <uri id="User Entered Import Resolution" uri="./DER/1.0/AboutDER-1.0.rdf" name="https://spec.edmcouncil.org/fibo/ontology/master/latest/DER/1.0/AboutDER-1.0/"/>
  <uri id="User Entered Import Resolution" uri="./DER/1.0/AboutDER-1.0-ReferenceIndividuals.rdf" name="https://spec.edmcouncil.org/fibo/ontology/master/latest/DER/1.0/AboutDER-1.0-ReferenceIndividuals/"/>
  <uri id="User Entered Import Resolution" uri="./DER/RateDerivativesExt/RateDerivativesExt.rdf" name="https://spec.edmcouncil.org/fibo/ontology/master/latest/DER/RateDerivativesExt/RateDerivativesExt/"/>
  <uri id="User Entered Import Resolution" uri="./DER/RateDerivativesExt/IRSwapTransactions.rdf" name="https://spec.edmcouncil.org/fibo/ontology/master/latest/DER/RateDerivativesExt/IRSwapTransactions/"/>
  <uri id="User Entered Import Resolution" uri="./DER/AboutDER.rdf" name="https://spec.edmcouncil.org/fibo/ontology/master/latest/DER/AboutDER/"/>
  <uri id="User Entered Import Resolution" uri="./DER/DerivativesContractsExt/OTCDerivativeMasterAgreements.rdf" name="https://spec.edmcouncil.org/fibo/ontology/master/latest/DER/DerivativesContractsExt/OTCDerivativeMasterAgreements/"/>
  <uri id="User Entered Import Resolution" uri="./DER/DerivativesContractsExt/DerivativesClassificationFacets.rdf" name="https://spec.edmcouncil.org/fibo/ontology/master/latest/DER/DerivativesContractsExt/DerivativesClassificationFacets/"/>
  <uri id="User Entered Import Resolution" uri="./DER/DerivativesContractsExt/SwapsExt.rdf" name="https://spec.edmcouncil.org/fibo/ontology/master/latest/DER/DerivativesContractsExt/SwapsExt/"/>
  <uri id="User Entered Import Resolution" uri="./DER/DerivativesContractsExt/DerivativesBasicsExt.rdf" name="https://spec.edmcouncil.org/fibo/ontology/master/latest/DER/DerivativesContractsExt/DerivativesBasicsExt/"/>
  <uri id="User Entered Import Resolution" uri="./DER/CreditDerivatives/CreditDefaultSwaps.rdf" name="https://spec.edmcouncil.org/fibo/ontology/master/latest/DER/CreditDerivatives/CreditDefaultSwaps/"/>
  <uri id="User Entered Import Resolution" uri="./DER/OTCMiscContracts/ContractsForDifference.rdf" name="https://spec.edmcouncil.org/fibo/ontology/master/latest/DER/OTCMiscContracts/ContractsForDifference/"/>
  <uri id="User Entered Import Resolution" uri="./DER/RightsInstruments/RightsAndWarrants.rdf" name="https://spec.edmcouncil.org/fibo/ontology/master/latest/DER/RightsInstruments/RightsAndWarrants/"/>
  <uri id="User Entered Import Resolution" uri="./DER/ExchangeTradedDerivatives/OptionsStandardizedTerms.rdf" name="https://spec.edmcouncil.org/fibo/ontology/master/latest/DER/ExchangeTradedDerivatives/OptionsStandardizedTerms/"/>
  <uri id="User Entered Import Resolution" uri="./DER/ExchangeTradedDerivatives/FuturesExchanges.rdf" name="https://spec.edmcouncil.org/fibo/ontology/master/latest/DER/ExchangeTradedDerivatives/FuturesExchanges/"/>
  <uri id="User Entered Import Resolution" uri="./DER/ExchangeTradedDerivatives/Futures.rdf" name="https://spec.edmcouncil.org/fibo/ontology/master/latest/DER/ExchangeTradedDerivatives/Futures/"/>
  <uri id="User Entered Import Resolution" uri="./DER/ExchangeTradedDerivatives/OptionsExchanges.rdf" name="https://spec.edmcouncil.org/fibo/ontology/master/latest/DER/ExchangeTradedDerivatives/OptionsExchanges/"/>
  <uri id="User Entered Import Resolution" uri="./DER/ExchangeTradedDerivatives/FuturesStandardizedTerms.rdf" name="https://spec.edmcouncil.org/fibo/ontology/master/latest/DER/ExchangeTradedDerivatives/FuturesStandardizedTerms/"/>
  <uri id="User Entered Import Resolution" uri="./DER/ExchangeTradedDerivatives/DerivativesStandardizedTerms.rdf" name="https://spec.edmcouncil.org/fibo/ontology/master/latest/DER/ExchangeTradedDerivatives/DerivativesStandardizedTerms/"/>
  <uri id="User Entered Import Resolution" uri="./DER/ExchangeTradedDerivatives/ExchangeTradedOptions.rdf" name="https://spec.edmcouncil.org/fibo/ontology/master/latest/DER/ExchangeTradedDerivatives/ExchangeTradedOptions/"/>
  <uri id="User Entered Import Resolution" uri="./DER/FxDerivatives/FxForwards.rdf" name="https://spec.edmcouncil.org/fibo/ontology/master/latest/DER/FxDerivatives/FxForwards/"/>
  <uri id="User Entered Import Resolution" uri="./DER/FxDerivatives/FxOptions.rdf" name="https://spec.edmcouncil.org/fibo/ontology/master/latest/DER/FxDerivatives/FxOptions/"/>
  <uri id="User Entered Import Resolution" uri="./DER/FxDerivatives/FxSwaps.rdf" name="https://spec.edmcouncil.org/fibo/ontology/master/latest/DER/FxDerivatives/FxSwaps/"/>
  <uri id="User Entered Import Resolution" uri="./DER/FxDerivatives/FxContracts.rdf" name="https://spec.edmcouncil.org/fibo/ontology/master/latest/DER/FxDerivatives/FxContracts/"/>
  <uri id="User Entered Import Resolution" uri="./DER/FxDerivatives/FxSpots.rdf" name="https://spec.edmcouncil.org/fibo/ontology/master/latest/DER/FxDerivatives/FxSpots/"/>
  <uri id="User Entered Import Resolution" uri="./DER/AssetDerivatives/EquityForwards.rdf" name="https://spec.edmcouncil.org/fibo/ontology/master/latest/DER/AssetDerivatives/EquityForwards/"/>
  <uri id="User Entered Import Resolution" uri="./DER/AssetDerivatives/EquityOptions.rdf" name="https://spec.edmcouncil.org/fibo/ontology/master/latest/DER/AssetDerivatives/EquityOptions/"/>
  <uri id="User Entered Import Resolution" uri="./DER/AssetDerivatives/EquitySwaps.rdf" name="https://spec.edmcouncil.org/fibo/ontology/master/latest/DER/AssetDerivatives/EquitySwaps/"/>
  <uri id="User Entered Import Resolution" uri="./DER/AssetDerivatives/AssetBaskets.rdf" name="https://spec.edmcouncil.org/fibo/ontology/master/latest/DER/AssetDerivatives/AssetBaskets/"/>
  <uri id="User Entered Import Resolution" uri="./DER/AssetDerivatives/AssetDerivatives.rdf" name="https://spec.edmcouncil.org/fibo/ontology/master/latest/DER/AssetDerivatives/AssetDerivatives/"/>
  <uri id="User Entered Import Resolution" uri="./DER/AssetDerivatives/BondOptions.rdf" name="https://spec.edmcouncil.org/fibo/ontology/master/latest/DER/AssetDerivatives/BondOptions/"/>
  <uri id="User Entered Import Resolution" uri="./DER/AssetDerivatives/BondReturnSwaps.rdf" name="https://spec.edmcouncil.org/fibo/ontology/master/latest/DER/AssetDerivatives/BondReturnSwaps/"/>
  <uri id="User Entered Import Resolution" uri="./DER/CommoditiesDerivatives/CommoditiesContracts.rdf" name="https://spec.edmcouncil.org/fibo/ontology/master/latest/DER/CommoditiesDerivatives/CommoditiesContracts/"/>
  <uri id="User Entered Import Resolution" uri="./DER/CommoditiesDerivatives/Commodities.rdf" name="https://spec.edmcouncil.org/fibo/ontology/master/latest/DER/CommoditiesDerivatives/Commodities/"/>
  <uri id="User Entered Import Resolution" uri="./DER/CommoditiesDerivatives/CommodityOptions.rdf" name="https://spec.edmcouncil.org/fibo/ontology/master/latest/DER/CommoditiesDerivatives/CommodityOptions/"/>
  <uri id="User Entered Import Resolution" uri="./DER/CommoditiesDerivatives/CommoditySwaps.rdf" name="https://spec.edmcouncil.org/fibo/ontology/master/latest/DER/CommoditiesDerivatives/CommoditySwaps/"/>
  <uri id="User Entered Import Resolution" uri="./DER/CommoditiesDerivatives/CommoditiesDelivery.rdf" name="https://spec.edmcouncil.org/fibo/ontology/master/latest/DER/CommoditiesDerivatives/CommoditiesDelivery/"/>
  <uri id="User Entered Import Resolution" uri="./DER/CommoditiesDerivatives/CommodityForwards.rdf" name="https://spec.edmcouncil.org/fibo/ontology/master/latest/DER/CommoditiesDerivatives/CommodityForwards/"/>
  <uri id="User Entered Import Resolution" uri="./DER/CommoditiesDerivatives/CommoditySpots.rdf" name="https://spec.edmcouncil.org/fibo/ontology/master/latest/DER/CommoditiesDerivatives/CommoditySpots/"/>
  <uri id="User Entered Import Resolution" uri="./DER/DerivativesContracts/ReturnSwaps.rdf" name="https://spec.edmcouncil.org/fibo/ontology/master/latest/DER/DerivativesContracts/ReturnSwaps/"/>
  <uri id="User Entered Import Resolution" uri="./DER/DerivativesContracts/SwapsIndividuals.rdf" name="https://spec.edmcouncil.org/fibo/ontology/master/latest/DER/DerivativesContracts/SwapsIndividuals/"/>
  <uri id="User Entered Import Resolution" uri="./DER/DerivativesContracts/OptionContractsOnFutures.rdf" name="https://spec.edmcouncil.org/fibo/ontology/master/latest/DER/DerivativesContracts/OptionContractsOnFutures/"/>
  <uri id="User Entered Import Resolution" uri="./DER/DerivativesContracts/Forwards.rdf" name="https://spec.edmcouncil.org/fibo/ontology/master/latest/DER/DerivativesContracts/Forwards/"/>
  <uri id="User Entered Import Resolution" uri="./DER/DerivativesContracts/ExerciseConventions.rdf" name="https://spec.edmcouncil.org/fibo/ontology/master/latest/DER/DerivativesContracts/ExerciseConventions/"/>
  <uri id="User Entered Import Resolution" uri="./DER/DerivativesContracts/Options.rdf" name="https://spec.edmcouncil.org/fibo/ontology/master/latest/DER/DerivativesContracts/Options/"/>
  <uri id="User Entered Import Resolution" uri="./DER/DerivativesContracts/DerivativesBasics.rdf" name="https://spec.edmcouncil.org/fibo/ontology/master/latest/DER/DerivativesContracts/DerivativesBasics/"/>
  <uri id="User Entered Import Resolution" uri="./DER/DerivativesContracts/Swaptions.rdf" name="https://spec.edmcouncil.org/fibo/ontology/master/latest/DER/DerivativesContracts/Swaptions/"/>
  <uri id="User Entered Import Resolution" uri="./DER/DerivativesContracts/Swaps.rdf" name="https://spec.edmcouncil.org/fibo/ontology/master/latest/DER/DerivativesContracts/Swaps/"/>
  <uri id="User Entered Import Resolution" uri="./DER/DerivativesContracts/Spots.rdf" name="https://spec.edmcouncil.org/fibo/ontology/master/latest/DER/DerivativesContracts/Spots/"/>
  <uri id="User Entered Import Resolution" uri="./DER/RateDerivatives/RateDerivatives.rdf" name="https://spec.edmcouncil.org/fibo/ontology/master/latest/DER/RateDerivatives/RateDerivatives/"/>
  <uri id="User Entered Import Resolution" uri="./DER/RateDerivatives/ForwardRateAgreements.rdf" name="https://spec.edmcouncil.org/fibo/ontology/master/latest/DER/RateDerivatives/ForwardRateAgreements/"/>
  <uri id="User Entered Import Resolution" uri="./DER/RateDerivatives/IRSwaps.rdf" name="https://spec.edmcouncil.org/fibo/ontology/master/latest/DER/RateDerivatives/IRSwaps/"/>
  <uri id="User Entered Import Resolution" uri="./DER/RateDerivatives/InflationSwaps.rdf" name="https://spec.edmcouncil.org/fibo/ontology/master/latest/DER/RateDerivatives/InflationSwaps/"/>
  <uri id="User Entered Import Resolution" uri="./DER/RateDerivatives/OTCIndexOptions.rdf" name="https://spec.edmcouncil.org/fibo/ontology/master/latest/DER/RateDerivatives/OTCIndexOptions/"/>
  <uri id="User Entered Import Resolution" uri="./DER/RateDerivatives/IROptions.rdf" name="https://spec.edmcouncil.org/fibo/ontology/master/latest/DER/RateDerivatives/IROptions/"/>
  <uri id="User Entered Import Resolution" uri="./FND/AgreementsExt/ContractsIllustrative.rdf" name="https://spec.edmcouncil.org/fibo/ontology/master/latest/FND/AgreementsExt/ContractsIllustrative/"/>
  <uri id="User Entered Import Resolution" uri="./FND/AgreementsExt/ContractsExtensions.rdf" name="https://spec.edmcouncil.org/fibo/ontology/master/latest/FND/AgreementsExt/ContractsExtensions/"/>
  <uri id="User Entered Import Resolution" uri="./FND/AgreementsExt/ContractualConstructs.rdf" name="https://spec.edmcouncil.org/fibo/ontology/master/latest/FND/AgreementsExt/ContractualConstructs/"/>
  <uri id="User Entered Import Resolution" uri="./FND/AgreementsExt/ContractElements.rdf" name="https://spec.edmcouncil.org/fibo/ontology/master/latest/FND/AgreementsExt/ContractElements/"/>
  <uri id="User Entered Import Resolution" uri="./FND/1.0/AboutFND-1.0.rdf" name="https://spec.edmcouncil.org/fibo/ontology/master/latest/FND/1.0/AboutFND-1.0/"/>
  <uri id="User Entered Import Resolution" uri="./FND/TransactionsExt/EconomicResources.rdf" name="https://spec.edmcouncil.org/fibo/ontology/master/latest/FND/TransactionsExt/EconomicResources/"/>
  <uri id="User Entered Import Resolution" uri="./FND/TransactionsExt/MarketTransactions.rdf" name="https://spec.edmcouncil.org/fibo/ontology/master/latest/FND/TransactionsExt/MarketTransactions/"/>
  <uri id="User Entered Import Resolution" uri="./FND/TransactionsExt/TransactionsExtended.rdf" name="https://spec.edmcouncil.org/fibo/ontology/master/latest/FND/TransactionsExt/TransactionsExtended/"/>
  <uri id="User Entered Import Resolution" uri="./FND/TransactionsExt/TransactionEvents.rdf" name="https://spec.edmcouncil.org/fibo/ontology/master/latest/FND/TransactionsExt/TransactionEvents/"/>
  <uri id="User Entered Import Resolution" uri="./FND/TransactionsExt/TransactionAccounting.rdf" name="https://spec.edmcouncil.org/fibo/ontology/master/latest/FND/TransactionsExt/TransactionAccounting/"/>
  <uri id="User Entered Import Resolution" uri="./FND/TransactionsExt/SupplyTransactions.rdf" name="https://spec.edmcouncil.org/fibo/ontology/master/latest/FND/TransactionsExt/SupplyTransactions/"/>
  <uri id="User Entered Import Resolution" uri="./FND/TransactionsExt/SecuritiesTransactions.rdf" name="https://spec.edmcouncil.org/fibo/ontology/master/latest/FND/TransactionsExt/SecuritiesTransactions/"/>
  <uri id="User Entered Import Resolution" uri="./FND/TransactionsExt/REAClaimsEvents.rdf" name="https://spec.edmcouncil.org/fibo/ontology/master/latest/FND/TransactionsExt/REAClaimsEvents/"/>
  <uri id="User Entered Import Resolution" uri="./FND/TransactionsExt/QuantifiedResources.rdf" name="https://spec.edmcouncil.org/fibo/ontology/master/latest/FND/TransactionsExt/QuantifiedResources/"/>
  <uri id="User Entered Import Resolution" uri="./FND/TransactionsExt/REATransactions.rdf" name="https://spec.edmcouncil.org/fibo/ontology/master/latest/FND/TransactionsExt/REATransactions/"/>
  <uri id="User Entered Import Resolution" uri="./FND/SocialConstructsExt/SocialConstructs.rdf" name="https://spec.edmcouncil.org/fibo/ontology/master/latest/FND/SocialConstructsExt/SocialConstructs/"/>
  <uri id="User Entered Import Resolution" uri="./FND/SocialConstructsExt/ConstructAspects.rdf" name="https://spec.edmcouncil.org/fibo/ontology/master/latest/FND/SocialConstructsExt/ConstructAspects/"/>
  <uri id="User Entered Import Resolution" uri="./FND/SocialConstructsExt/LegalConstructParties.rdf" name="https://spec.edmcouncil.org/fibo/ontology/master/latest/FND/SocialConstructsExt/LegalConstructParties/"/>
  <uri id="User Entered Import Resolution" uri="./FND/Places/AboutPlaces.rdf" name="https://spec.edmcouncil.org/fibo/ontology/master/latest/FND/Places/AboutPlaces/"/>
  <uri id="User Entered Import Resolution" uri="./FND/Places/Addresses.rdf" name="https://spec.edmcouncil.org/fibo/ontology/master/latest/FND/Places/Addresses/"/>
  <uri id="User Entered Import Resolution" uri="./FND/Places/Facilities.rdf" name="https://spec.edmcouncil.org/fibo/ontology/master/latest/FND/Places/Facilities/"/>
  <uri id="User Entered Import Resolution" uri="./FND/Places/VirtualPlaces.rdf" name="https://spec.edmcouncil.org/fibo/ontology/master/latest/FND/Places/VirtualPlaces/"/>
  <uri id="User Entered Import Resolution" uri="./FND/Places/Countries.rdf" name="https://spec.edmcouncil.org/fibo/ontology/master/latest/FND/Places/Countries/"/>
  <uri id="User Entered Import Resolution" uri="./FND/Places/Locations.rdf" name="https://spec.edmcouncil.org/fibo/ontology/master/latest/FND/Places/Locations/"/>
  <uri id="User Entered Import Resolution" uri="./FND/InformationExt/Messaging.rdf" name="https://spec.edmcouncil.org/fibo/ontology/master/latest/FND/InformationExt/Messaging/"/>
  <uri id="User Entered Import Resolution" uri="./FND/InformationExt/PostalAddress.rdf" name="https://spec.edmcouncil.org/fibo/ontology/master/latest/FND/InformationExt/PostalAddress/"/>
  <uri id="User Entered Import Resolution" uri="./FND/InformationExt/AddressExtensions.rdf" name="https://spec.edmcouncil.org/fibo/ontology/master/latest/FND/InformationExt/AddressExtensions/"/>
  <uri id="User Entered Import Resolution" uri="./FND/InformationExt/InfoCore.rdf" name="https://spec.edmcouncil.org/fibo/ontology/master/latest/FND/InformationExt/InfoCore/"/>
  <uri id="User Entered Import Resolution" uri="./FND/InformationExt/Documentation.rdf" name="https://spec.edmcouncil.org/fibo/ontology/master/latest/FND/InformationExt/Documentation/"/>
  <uri id="User Entered Import Resolution" uri="./FND/InformationExt/TemporalInfo.rdf" name="https://spec.edmcouncil.org/fibo/ontology/master/latest/FND/InformationExt/TemporalInfo/"/>
  <uri id="User Entered Import Resolution" uri="./FND/PlacesExt/Geopolitical.rdf" name="https://spec.edmcouncil.org/fibo/ontology/master/latest/FND/PlacesExt/Geopolitical/"/>
  <uri id="User Entered Import Resolution" uri="./FND/PlacesExt/AddressSites.rdf" name="https://spec.edmcouncil.org/fibo/ontology/master/latest/FND/PlacesExt/AddressSites/"/>
  <uri id="User Entered Import Resolution" uri="./FND/PlacesExt/Geophysical.rdf" name="https://spec.edmcouncil.org/fibo/ontology/master/latest/FND/PlacesExt/Geophysical/"/>
  <uri id="User Entered Import Resolution" uri="./FND/PlacesExt/RealEstate.rdf" name="https://spec.edmcouncil.org/fibo/ontology/master/latest/FND/PlacesExt/RealEstate/"/>
  <uri id="User Entered Import Resolution" uri="./FND/PlacesExt/VirtualPlaces.rdf" name="https://spec.edmcouncil.org/fibo/ontology/master/latest/FND/PlacesExt/VirtualPlaces/"/>
  <uri id="User Entered Import Resolution" uri="./FND/PlacesExt/AddressPropertyChain.rdf" name="https://spec.edmcouncil.org/fibo/ontology/master/latest/FND/PlacesExt/AddressPropertyChain/"/>
  <uri id="User Entered Import Resolution" uri="./FND/GoalsAndObjectives/Objectives.rdf" name="https://spec.edmcouncil.org/fibo/ontology/master/latest/FND/GoalsAndObjectives/Objectives/"/>
  <uri id="User Entered Import Resolution" uri="./FND/GoalsAndObjectives/Goals.rdf" name="https://spec.edmcouncil.org/fibo/ontology/master/latest/FND/GoalsAndObjectives/Goals/"/>
  <uri id="User Entered Import Resolution" uri="./FND/GoalsAndObjectives/AboutGoalsAndObjectives.rdf" name="https://spec.edmcouncil.org/fibo/ontology/master/latest/FND/GoalsAndObjectives/AboutGoalsAndObjectives/"/>
  <uri id="User Entered Import Resolution" uri="./FND/Relations/Relations.rdf" name="https://spec.edmcouncil.org/fibo/ontology/master/latest/FND/Relations/Relations/"/>
  <uri id="User Entered Import Resolution" uri="./FND/Relations/AboutRelations.rdf" name="https://spec.edmcouncil.org/fibo/ontology/master/latest/FND/Relations/AboutRelations/"/>
  <uri id="User Entered Import Resolution" uri="./FND/Communication/Communication.rdf" name="https://spec.edmcouncil.org/fibo/ontology/master/latest/FND/Communication/Communication/"/>
  <uri id="User Entered Import Resolution" uri="./FND/Quantities/QuantitiesAndUnits.rdf" name="https://spec.edmcouncil.org/fibo/ontology/master/latest/FND/Quantities/QuantitiesAndUnits/"/>
  <uri id="User Entered Import Resolution" uri="./FND/Quantities/AboutQuantities.rdf" name="https://spec.edmcouncil.org/fibo/ontology/master/latest/FND/Quantities/AboutQuantities/"/>
  <uri id="User Entered Import Resolution" uri="./FND/BusinessExt/AgentsContexts.rdf" name="https://spec.edmcouncil.org/fibo/ontology/master/latest/FND/BusinessExt/AgentsContexts/"/>
  <uri id="User Entered Import Resolution" uri="./FND/BusinessExt/Policy.rdf" name="https://spec.edmcouncil.org/fibo/ontology/master/latest/FND/BusinessExt/Policy/"/>
  <uri id="User Entered Import Resolution" uri="./FND/BusinessExt/BusinessGoals.rdf" name="https://spec.edmcouncil.org/fibo/ontology/master/latest/FND/BusinessExt/BusinessGoals/"/>
  <uri id="User Entered Import Resolution" uri="./FND/DatesAndTimes/Occurrences.rdf" name="https://spec.edmcouncil.org/fibo/ontology/master/latest/FND/DatesAndTimes/Occurrences/"/>
  <uri id="User Entered Import Resolution" uri="./FND/DatesAndTimes/FinancialDates.rdf" name="https://spec.edmcouncil.org/fibo/ontology/master/latest/FND/DatesAndTimes/FinancialDates/"/>
  <uri id="User Entered Import Resolution" uri="./FND/DatesAndTimes/BusinessDates.rdf" name="https://spec.edmcouncil.org/fibo/ontology/master/latest/FND/DatesAndTimes/BusinessDates/"/>
  <uri id="User Entered Import Resolution" uri="./FND/DatesAndTimes/AboutDatesAndTimes.rdf" name="https://spec.edmcouncil.org/fibo/ontology/master/latest/FND/DatesAndTimes/AboutDatesAndTimes/"/>
  <uri id="User Entered Import Resolution" uri="./FND/ArrangementsExt/Collections.rdf" name="https://spec.edmcouncil.org/fibo/ontology/master/latest/FND/ArrangementsExt/Collections/"/>
  <uri id="User Entered Import Resolution" uri="./FND/ArrangementsExt/MethodsAndRules.rdf" name="https://spec.edmcouncil.org/fibo/ontology/master/latest/FND/ArrangementsExt/MethodsAndRules/"/>
  <uri id="User Entered Import Resolution" uri="./FND/ArrangementsExt/ToolsAndInstruments.rdf" name="https://spec.edmcouncil.org/fibo/ontology/master/latest/FND/ArrangementsExt/ToolsAndInstruments/"/>
  <uri id="User Entered Import Resolution" uri="./FND/Utilities/AnnotationVocabulary.rdf" name="https://spec.edmcouncil.org/fibo/ontology/master/latest/FND/Utilities/AnnotationVocabulary/"/>
  <uri id="User Entered Import Resolution" uri="./FND/Utilities/BusinessFacingTypes.rdf" name="https://spec.edmcouncil.org/fibo/ontology/master/latest/FND/Utilities/BusinessFacingTypes/"/>
  <uri id="User Entered Import Resolution" uri="./FND/Utilities/AboutUtilities.rdf" name="https://spec.edmcouncil.org/fibo/ontology/master/latest/FND/Utilities/AboutUtilities/"/>
  <uri id="User Entered Import Resolution" uri="./FND/Utilities/Analytics.rdf" name="https://spec.edmcouncil.org/fibo/ontology/master/latest/FND/Utilities/Analytics/"/>
  <uri id="User Entered Import Resolution" uri="./FND/AgentsAndPeople/People.rdf" name="https://spec.edmcouncil.org/fibo/ontology/master/latest/FND/AgentsAndPeople/People/"/>
  <uri id="User Entered Import Resolution" uri="./FND/AgentsAndPeople/Agents.rdf" name="https://spec.edmcouncil.org/fibo/ontology/master/latest/FND/AgentsAndPeople/Agents/"/>
  <uri id="User Entered Import Resolution" uri="./FND/AgentsAndPeople/AboutAgentsAndPeople.rdf" name="https://spec.edmcouncil.org/fibo/ontology/master/latest/FND/AgentsAndPeople/AboutAgentsAndPeople/"/>
  <uri id="User Entered Import Resolution" uri="./FND/1.1/AboutFND-1.1.rdf" name="https://spec.edmcouncil.org/fibo/ontology/master/latest/FND/1.1/AboutFND-1.1/"/>
  <uri id="User Entered Import Resolution" uri="./FND/UtilitiesExt/Values.rdf" name="https://spec.edmcouncil.org/fibo/ontology/master/latest/FND/UtilitiesExt/Values/"/>
  <uri id="User Entered Import Resolution" uri="./FND/Accounting/CurrencyAmount.rdf" name="https://spec.edmcouncil.org/fibo/ontology/master/latest/FND/Accounting/CurrencyAmount/"/>
  <uri id="User Entered Import Resolution" uri="./FND/Accounting/AccountingEquity.rdf" name="https://spec.edmcouncil.org/fibo/ontology/master/latest/FND/Accounting/AccountingEquity/"/>
  <uri id="User Entered Import Resolution" uri="./FND/Accounting/AboutAccounting.rdf" name="https://spec.edmcouncil.org/fibo/ontology/master/latest/FND/Accounting/AboutAccounting/"/>
  <uri id="User Entered Import Resolution" uri="./FND/Accounting/Valuation.rdf" name="https://spec.edmcouncil.org/fibo/ontology/master/latest/FND/Accounting/Valuation/"/>
  <uri id="User Entered Import Resolution" uri="./FND/Accounting/ISO4217-CurrencyCodes.rdf" name="https://spec.edmcouncil.org/fibo/ontology/master/latest/FND/Accounting/ISO4217-CurrencyCodes/"/>
  <uri id="User Entered Import Resolution" uri="./FND/LawExt/RegulatoryRestrictions.rdf" name="https://spec.edmcouncil.org/fibo/ontology/master/latest/FND/LawExt/RegulatoryRestrictions/"/>
  <uri id="User Entered Import Resolution" uri="./FND/LawExt/JuridicalReach.rdf" name="https://spec.edmcouncil.org/fibo/ontology/master/latest/FND/LawExt/JuridicalReach/"/>
  <uri id="User Entered Import Resolution" uri="./FND/LawExt/JurisdictionExtended.rdf" name="https://spec.edmcouncil.org/fibo/ontology/master/latest/FND/LawExt/JurisdictionExtended/"/>
  <uri id="User Entered Import Resolution" uri="./FND/AccountingExt/BalanceSheetBalances.rdf" name="https://spec.edmcouncil.org/fibo/ontology/master/latest/FND/AccountingExt/BalanceSheetBalances/"/>
  <uri id="User Entered Import Resolution" uri="./FND/AccountingExt/AccountsMain.rdf" name="https://spec.edmcouncil.org/fibo/ontology/master/latest/FND/AccountingExt/AccountsMain/"/>
  <uri id="User Entered Import Resolution" uri="./FND/AccountingExt/InvestmentCapital.rdf" name="https://spec.edmcouncil.org/fibo/ontology/master/latest/FND/AccountingExt/InvestmentCapital/"/>
  <uri id="User Entered Import Resolution" uri="./FND/AccountingExt/AssetExtensions.rdf" name="https://spec.edmcouncil.org/fibo/ontology/master/latest/FND/AccountingExt/AssetExtensions/"/>
  <uri id="User Entered Import Resolution" uri="./FND/AccountingExt/Taxation.rdf" name="https://spec.edmcouncil.org/fibo/ontology/master/latest/FND/AccountingExt/Taxation/"/>
  <uri id="User Entered Import Resolution" uri="./FND/AboutTheEDMC-FIBOFamily.rdf" name="https://spec.edmcouncil.org/fibo/ontology/master/latest/FND/AboutTheEDMC-FIBOFamily/"/>
  <uri id="User Entered Import Resolution" uri="./FND/PhysicalExt/Physical.rdf" name="https://spec.edmcouncil.org/fibo/ontology/master/latest/FND/PhysicalExt/Physical/"/>
  <uri id="User Entered Import Resolution" uri="./FND/PartiesExt/PartyInverses.rdf" name="https://spec.edmcouncil.org/fibo/ontology/master/latest/FND/PartiesExt/PartyInverses/"/>
  <uri id="User Entered Import Resolution" uri="./FND/PartiesExt/PartyRoleContext.rdf" name="https://spec.edmcouncil.org/fibo/ontology/master/latest/FND/PartiesExt/PartyRoleContext/"/>
  <uri id="User Entered Import Resolution" uri="./FND/PartiesExt/PartyExtensions.rdf" name="https://spec.edmcouncil.org/fibo/ontology/master/latest/FND/PartiesExt/PartyExtensions/"/>
  <uri id="User Entered Import Resolution" uri="./FND/ProductsAndServices/AboutProductsAndServices.rdf" name="https://spec.edmcouncil.org/fibo/ontology/master/latest/FND/ProductsAndServices/AboutProductsAndServices/"/>
  <uri id="User Entered Import Resolution" uri="./FND/ProductsAndServices/PaymentsAndSchedules.rdf" name="https://spec.edmcouncil.org/fibo/ontology/master/latest/FND/ProductsAndServices/PaymentsAndSchedules/"/>
  <uri id="User Entered Import Resolution" uri="./FND/ProductsAndServices/ProductsAndServices.rdf" name="https://spec.edmcouncil.org/fibo/ontology/master/latest/FND/ProductsAndServices/ProductsAndServices/"/>
  <uri id="User Entered Import Resolution" uri="./FND/1.3/AboutFND-1.3.rdf" name="https://spec.edmcouncil.org/fibo/ontology/master/latest/FND/1.3/AboutFND-1.3/"/>
  <uri id="User Entered Import Resolution" uri="./FND/Arrangements/Arrangements.rdf" name="https://spec.edmcouncil.org/fibo/ontology/master/latest/FND/Arrangements/Arrangements/"/>
  <uri id="User Entered Import Resolution" uri="./FND/Arrangements/AboutArrangements.rdf" name="https://spec.edmcouncil.org/fibo/ontology/master/latest/FND/Arrangements/AboutArrangements/"/>
  <uri id="User Entered Import Resolution" uri="./FND/Arrangements/Codes.rdf" name="https://spec.edmcouncil.org/fibo/ontology/master/latest/FND/Arrangements/Codes/"/>
  <uri id="User Entered Import Resolution" uri="./FND/Arrangements/Documents.rdf" name="https://spec.edmcouncil.org/fibo/ontology/master/latest/FND/Arrangements/Documents/"/>
  <uri id="User Entered Import Resolution" uri="./FND/Arrangements/IdentifiersAndIndices.rdf" name="https://spec.edmcouncil.org/fibo/ontology/master/latest/FND/Arrangements/IdentifiersAndIndices/"/>
  <uri id="User Entered Import Resolution" uri="./FND/Arrangements/ClassificationSchemes.rdf" name="https://spec.edmcouncil.org/fibo/ontology/master/latest/FND/Arrangements/ClassificationSchemes/"/>
  <uri id="User Entered Import Resolution" uri="./FND/AboutFND.rdf" name="https://spec.edmcouncil.org/fibo/ontology/master/latest/FND/AboutFND/"/>
  <uri id="User Entered Import Resolution" uri="./FND/Agreements/Contracts.rdf" name="https://spec.edmcouncil.org/fibo/ontology/master/latest/FND/Agreements/Contracts/"/>
  <uri id="User Entered Import Resolution" uri="./FND/Agreements/AboutAgreements.rdf" name="https://spec.edmcouncil.org/fibo/ontology/master/latest/FND/Agreements/AboutAgreements/"/>
  <uri id="User Entered Import Resolution" uri="./FND/Agreements/Agreements.rdf" name="https://spec.edmcouncil.org/fibo/ontology/master/latest/FND/Agreements/Agreements/"/>
  <uri id="User Entered Import Resolution" uri="./FND/Parties/Parties.rdf" name="https://spec.edmcouncil.org/fibo/ontology/master/latest/FND/Parties/Parties/"/>
  <uri id="User Entered Import Resolution" uri="./FND/Parties/AboutParties.rdf" name="https://spec.edmcouncil.org/fibo/ontology/master/latest/FND/Parties/AboutParties/"/>
  <uri id="User Entered Import Resolution" uri="./FND/Parties/Roles.rdf" name="https://spec.edmcouncil.org/fibo/ontology/master/latest/FND/Parties/Roles/"/>
  <uri id="User Entered Import Resolution" uri="./FND/1.2/AboutFND-1.2.rdf" name="https://spec.edmcouncil.org/fibo/ontology/master/latest/FND/1.2/AboutFND-1.2/"/>
  <uri id="User Entered Import Resolution" uri="./FND/QuantitiesExt/QuantitiesExt.rdf" name="https://spec.edmcouncil.org/fibo/ontology/master/latest/FND/QuantitiesExt/QuantitiesExt/"/>
  <uri id="User Entered Import Resolution" uri="./FND/QuantitiesExt/QuantitiesAndUnitsExt.rdf" name="https://spec.edmcouncil.org/fibo/ontology/master/latest/FND/QuantitiesExt/QuantitiesAndUnitsExt/"/>
  <uri id="User Entered Import Resolution" uri="./FND/Law/AboutLaw.rdf" name="https://spec.edmcouncil.org/fibo/ontology/master/latest/FND/Law/AboutLaw/"/>
  <uri id="User Entered Import Resolution" uri="./FND/Law/Jurisdiction.rdf" name="https://spec.edmcouncil.org/fibo/ontology/master/latest/FND/Law/Jurisdiction/"/>
  <uri id="User Entered Import Resolution" uri="./FND/Law/LegalCore.rdf" name="https://spec.edmcouncil.org/fibo/ontology/master/latest/FND/Law/LegalCore/"/>
  <uri id="User Entered Import Resolution" uri="./FND/Law/LegalCapacity.rdf" name="https://spec.edmcouncil.org/fibo/ontology/master/latest/FND/Law/LegalCapacity/"/>
  <uri id="User Entered Import Resolution" uri="./FND/OwnershipAndControl/Ownership.rdf" name="https://spec.edmcouncil.org/fibo/ontology/master/latest/FND/OwnershipAndControl/Ownership/"/>
  <uri id="User Entered Import Resolution" uri="./FND/OwnershipAndControl/OwnershipAndControl.rdf" name="https://spec.edmcouncil.org/fibo/ontology/master/latest/FND/OwnershipAndControl/OwnershipAndControl/"/>
  <uri id="User Entered Import Resolution" uri="./FND/OwnershipAndControl/AboutOwnershipAndControl.rdf" name="https://spec.edmcouncil.org/fibo/ontology/master/latest/FND/OwnershipAndControl/AboutOwnershipAndControl/"/>
  <uri id="User Entered Import Resolution" uri="./FND/OwnershipAndControl/Control.rdf" name="https://spec.edmcouncil.org/fibo/ontology/master/latest/FND/OwnershipAndControl/Control/"/>
  <uri id="User Entered Import Resolution" uri="./FND/RiskExt/Risk.rdf" name="https://spec.edmcouncil.org/fibo/ontology/master/latest/FND/RiskExt/Risk/"/>
  <uri id="User Entered Import Resolution" uri="./FND/GoalsAndObjectivesExt/AutonomousAgentGoals.rdf" name="https://spec.edmcouncil.org/fibo/ontology/master/latest/FND/GoalsAndObjectivesExt/AutonomousAgentGoals/"/>
  <uri id="User Entered Import Resolution" uri="./FND/GoalsAndObjectivesExt/DesiredResults.rdf" name="https://spec.edmcouncil.org/fibo/ontology/master/latest/FND/GoalsAndObjectivesExt/DesiredResults/"/>
  <uri id="User Entered Import Resolution" uri="./FND/GoalsAndObjectivesExt/ObjectivesDetail.rdf" name="https://spec.edmcouncil.org/fibo/ontology/master/latest/FND/GoalsAndObjectivesExt/ObjectivesDetail/"/>
  <uri id="User Entered Import Resolution" uri="./FND/PublicationsExt/Standards.rdf" name="https://spec.edmcouncil.org/fibo/ontology/master/latest/FND/PublicationsExt/Standards/"/>
  <uri id="User Entered Import Resolution" uri="./FND/PublicationsExt/Conventions.rdf" name="https://spec.edmcouncil.org/fibo/ontology/master/latest/FND/PublicationsExt/Conventions/"/>
  <uri id="User Entered Import Resolution" uri="./FND/PublicationsExt/StandardsIndividuals.rdf" name="https://spec.edmcouncil.org/fibo/ontology/master/latest/FND/PublicationsExt/StandardsIndividuals/"/>
  <uri id="User Entered Import Resolution" uri="./FND/PublicationsExt/Publications.rdf" name="https://spec.edmcouncil.org/fibo/ontology/master/latest/FND/PublicationsExt/Publications/"/>
  <uri id="User Entered Import Resolution" uri="./FND/TimeExt/Time.rdf" name="https://spec.edmcouncil.org/fibo/ontology/master/latest/FND/TimeExt/Time/"/>
  <uri id="User Entered Import Resolution" uri="./FND/MathExt/Math.rdf" name="https://spec.edmcouncil.org/fibo/ontology/master/latest/FND/MathExt/Math/"/>
  <uri id="User Entered Import Resolution" uri="./FND/MathExt/Quantities.rdf" name="https://spec.edmcouncil.org/fibo/ontology/master/latest/FND/MathExt/Quantities/"/>
  <uri id="User Entered Import Resolution" uri="./FND/MathExt/Amounts.rdf" name="https://spec.edmcouncil.org/fibo/ontology/master/latest/FND/MathExt/Amounts/"/>
  <uri id="User Entered Import Resolution" uri="./FND/Organizations/FormalOrganizations.rdf" name="https://spec.edmcouncil.org/fibo/ontology/master/latest/FND/Organizations/FormalOrganizations/"/>
  <uri id="User Entered Import Resolution" uri="./FND/Organizations/LegitimateOrganizations.rdf" name="https://spec.edmcouncil.org/fibo/ontology/master/latest/FND/Organizations/LegitimateOrganizations/"/>
  <uri id="User Entered Import Resolution" uri="./FND/Organizations/AboutOrganizations.rdf" name="https://spec.edmcouncil.org/fibo/ontology/master/latest/FND/Organizations/AboutOrganizations/"/>
  <uri id="User Entered Import Resolution" uri="./FND/Organizations/Organizations.rdf" name="https://spec.edmcouncil.org/fibo/ontology/master/latest/FND/Organizations/Organizations/"/>
  <uri id="User Entered Import Resolution" uri="./BP/Regulatory/RegulatoryRequirements.rdf" name="https://spec.edmcouncil.org/fibo/ontology/master/latest/BP/Regulatory/RegulatoryRequirements/"/>
  <uri id="User Entered Import Resolution" uri="./BP/Process/FinancialContextAndProcess.rdf" name="https://spec.edmcouncil.org/fibo/ontology/master/latest/BP/Process/FinancialContextAndProcess/"/>
  <uri id="User Entered Import Resolution" uri="./BP/SecuritiesIssuance/AgencyMBSIssuance.rdf" name="https://spec.edmcouncil.org/fibo/ontology/master/latest/BP/SecuritiesIssuance/AgencyMBSIssuance/"/>
  <uri id="User Entered Import Resolution" uri="./BP/SecuritiesIssuance/DebtIssuance.rdf" name="https://spec.edmcouncil.org/fibo/ontology/master/latest/BP/SecuritiesIssuance/DebtIssuance/"/>
  <uri id="User Entered Import Resolution" uri="./BP/SecuritiesIssuance/EquitiesIPOIssuance.rdf" name="https://spec.edmcouncil.org/fibo/ontology/master/latest/BP/SecuritiesIssuance/EquitiesIPOIssuance/"/>
  <uri id="User Entered Import Resolution" uri="./BP/SecuritiesIssuance/MuniIssuance.rdf" name="https://spec.edmcouncil.org/fibo/ontology/master/latest/BP/SecuritiesIssuance/MuniIssuance/"/>
  <uri id="User Entered Import Resolution" uri="./BP/SecuritiesIssuance/PrivateLabelMBSIssuance.rdf" name="https://spec.edmcouncil.org/fibo/ontology/master/latest/BP/SecuritiesIssuance/PrivateLabelMBSIssuance/"/>
  <uri id="User Entered Import Resolution" uri="./BP/SecuritiesIssuance/IssuanceDocuments.rdf" name="https://spec.edmcouncil.org/fibo/ontology/master/latest/BP/SecuritiesIssuance/IssuanceDocuments/"/>
  <uri id="User Entered Import Resolution" uri="./BP/SecuritiesIssuance/MBSIssuance.rdf" name="https://spec.edmcouncil.org/fibo/ontology/master/latest/BP/SecuritiesIssuance/MBSIssuance/"/>
  <uri id="User Entered Import Resolution" uri="./BP/SecuritiesIssuance/IssuanceProcessTerms.rdf" name="https://spec.edmcouncil.org/fibo/ontology/master/latest/BP/SecuritiesIssuance/IssuanceProcessTerms/"/>
  <uri id="User Entered Import Resolution" uri="./BP/SecuritiesIssuance/IssuanceProcess.rdf" name="https://spec.edmcouncil.org/fibo/ontology/master/latest/BP/SecuritiesIssuance/IssuanceProcess/"/>
  <uri id="User Entered Import Resolution" uri="./BE/LegalEntities/LegalPersons.rdf" name="https://spec.edmcouncil.org/fibo/ontology/master/latest/BE/LegalEntities/LegalPersons/"/>
  <uri id="User Entered Import Resolution" uri="./BE/LegalEntities/LEIEntities.rdf" name="https://spec.edmcouncil.org/fibo/ontology/master/latest/BE/LegalEntities/LEIEntities/"/>
  <uri id="User Entered Import Resolution" uri="./BE/LegalEntities/FormalBusinessOrganizations.rdf" name="https://spec.edmcouncil.org/fibo/ontology/master/latest/BE/LegalEntities/FormalBusinessOrganizations/"/>
  <uri id="User Entered Import Resolution" uri="./BE/LegalEntities/AboutLegalEntities.rdf" name="https://spec.edmcouncil.org/fibo/ontology/master/latest/BE/LegalEntities/AboutLegalEntities/"/>
  <uri id="User Entered Import Resolution" uri="./BE/LegalEntities/CorporateBodies.rdf" name="https://spec.edmcouncil.org/fibo/ontology/master/latest/BE/LegalEntities/CorporateBodies/"/>
  <uri id="User Entered Import Resolution" uri="./BE/1.0/AboutBE-1.0.rdf" name="https://spec.edmcouncil.org/fibo/ontology/master/latest/BE/1.0/AboutBE-1.0/"/>
  <uri id="User Entered Import Resolution" uri="./BE/PrivateLimitedCompanies/AboutPrivateLimitedCompanies.rdf" name="https://spec.edmcouncil.org/fibo/ontology/master/latest/BE/PrivateLimitedCompanies/AboutPrivateLimitedCompanies/"/>
  <uri id="User Entered Import Resolution" uri="./BE/PrivateLimitedCompanies/PrivateLimitedCompanies.rdf" name="https://spec.edmcouncil.org/fibo/ontology/master/latest/BE/PrivateLimitedCompanies/PrivateLimitedCompanies/"/>
  <uri id="User Entered Import Resolution" uri="./BE/OwnershipAndControlExt/CorporateOwnershipExtras.rdf" name="https://spec.edmcouncil.org/fibo/ontology/master/latest/BE/OwnershipAndControlExt/CorporateOwnershipExtras/"/>
  <uri id="User Entered Import Resolution" uri="./BE/OwnershipAndControlExt/OwnershipPartiesExtras.rdf" name="https://spec.edmcouncil.org/fibo/ontology/master/latest/BE/OwnershipAndControlExt/OwnershipPartiesExtras/"/>
  <uri id="User Entered Import Resolution" uri="./BE/OwnershipAndControlExt/CorporateControlExtras.rdf" name="https://spec.edmcouncil.org/fibo/ontology/master/latest/BE/OwnershipAndControlExt/CorporateControlExtras/"/>
  <uri id="User Entered Import Resolution" uri="./BE/OwnershipAndControlExt/BERelations.rdf" name="https://spec.edmcouncil.org/fibo/ontology/master/latest/BE/OwnershipAndControlExt/BERelations/"/>
  <uri id="User Entered Import Resolution" uri="./BE/OwnershipAndControlExt/ControlPartiesExtras.rdf" name="https://spec.edmcouncil.org/fibo/ontology/master/latest/BE/OwnershipAndControlExt/ControlPartiesExtras/"/>
  <uri id="User Entered Import Resolution" uri="./BE/OwnershipAndControlExt/UltimateBeneficialOwners.rdf" name="https://spec.edmcouncil.org/fibo/ontology/master/latest/BE/OwnershipAndControlExt/UltimateBeneficialOwners/"/>
  <uri id="User Entered Import Resolution" uri="./BE/GovernmentEntities/NorthAmericanJurisdiction/CAGovernmentEntitiesAndJurisdictions.rdf" name="https://spec.edmcouncil.org/fibo/ontology/master/latest/BE/GovernmentEntities/NorthAmericanJurisdiction/CAGovernmentEntitiesAndJurisdictions/"/>
  <uri id="User Entered Import Resolution" uri="./BE/GovernmentEntities/NorthAmericanJurisdiction/USGovernmentEntitiesAndJurisdictions.rdf" name="https://spec.edmcouncil.org/fibo/ontology/master/latest/BE/GovernmentEntities/NorthAmericanJurisdiction/USGovernmentEntitiesAndJurisdictions/"/>
  <uri id="User Entered Import Resolution" uri="./BE/GovernmentEntities/EuropeanJurisdiction/EUGovernmentEntitiesAndJurisdictions.rdf" name="https://spec.edmcouncil.org/fibo/ontology/master/latest/BE/GovernmentEntities/EuropeanJurisdiction/EUGovernmentEntitiesAndJurisdictions/"/>
  <uri id="User Entered Import Resolution" uri="./BE/GovernmentEntities/EuropeanJurisdiction/UKGovernmentEntitiesAndJurisdictions.rdf" name="https://spec.edmcouncil.org/fibo/ontology/master/latest/BE/GovernmentEntities/EuropeanJurisdiction/UKGovernmentEntitiesAndJurisdictions/"/>
  <uri id="User Entered Import Resolution" uri="./BE/GovernmentEntities/AboutGovernmentEntities.rdf" name="https://spec.edmcouncil.org/fibo/ontology/master/latest/BE/GovernmentEntities/AboutGovernmentEntities/"/>
  <uri id="User Entered Import Resolution" uri="./BE/GovernmentEntities/GovernmentEntities.rdf" name="https://spec.edmcouncil.org/fibo/ontology/master/latest/BE/GovernmentEntities/GovernmentEntities/"/>
  <uri id="User Entered Import Resolution" uri="./BE/1.1/AboutBE-1.1.rdf" name="https://spec.edmcouncil.org/fibo/ontology/master/latest/BE/1.1/AboutBE-1.1/"/>
  <uri id="User Entered Import Resolution" uri="./BE/1.1/AboutBE-1.1-Europe.rdf" name="https://spec.edmcouncil.org/fibo/ontology/master/latest/BE/1.1/AboutBE-1.1-Europe/"/>
  <uri id="User Entered Import Resolution" uri="./BE/1.1/AboutBE-1.1-NorthAmerica.rdf" name="https://spec.edmcouncil.org/fibo/ontology/master/latest/BE/1.1/AboutBE-1.1-NorthAmerica/"/>
  <uri id="User Entered Import Resolution" uri="./BE/Partnerships/Partnerships.rdf" name="https://spec.edmcouncil.org/fibo/ontology/master/latest/BE/Partnerships/Partnerships/"/>
  <uri id="User Entered Import Resolution" uri="./BE/Partnerships/AboutPartnerships.rdf" name="https://spec.edmcouncil.org/fibo/ontology/master/latest/BE/Partnerships/AboutPartnerships/"/>
  <uri id="User Entered Import Resolution" uri="./BE/PartnershipsExt/PartnershipsExtras.rdf" name="https://spec.edmcouncil.org/fibo/ontology/master/latest/BE/PartnershipsExt/PartnershipsExtras/"/>
  <uri id="User Entered Import Resolution" uri="./BE/TrustsExt/TrustFundDirectRelations.rdf" name="https://spec.edmcouncil.org/fibo/ontology/master/latest/BE/TrustsExt/TrustFundDirectRelations/"/>
  <uri id="User Entered Import Resolution" uri="./BE/1.2/AboutBE-1.2-Europe.rdf" name="https://spec.edmcouncil.org/fibo/ontology/master/latest/BE/1.2/AboutBE-1.2-Europe/"/>
  <uri id="User Entered Import Resolution" uri="./BE/1.2/AboutBE-1.2.rdf" name="https://spec.edmcouncil.org/fibo/ontology/master/latest/BE/1.2/AboutBE-1.2/"/>
  <uri id="User Entered Import Resolution" uri="./BE/1.2/AboutBE-1.2-EuropeAndNorthAmerica.rdf" name="https://spec.edmcouncil.org/fibo/ontology/master/latest/BE/1.2/AboutBE-1.2-EuropeAndNorthAmerica/"/>
  <uri id="User Entered Import Resolution" uri="./BE/1.2/AboutBE-1.2-NorthAmerica.rdf" name="https://spec.edmcouncil.org/fibo/ontology/master/latest/BE/1.2/AboutBE-1.2-NorthAmerica/"/>
  <uri id="User Entered Import Resolution" uri="./BE/SoleProprietorships/SoleProprietorships.rdf" name="https://spec.edmcouncil.org/fibo/ontology/master/latest/BE/SoleProprietorships/SoleProprietorships/"/>
  <uri id="User Entered Import Resolution" uri="./BE/SoleProprietorships/AboutSoleProprietorships.rdf" name="https://spec.edmcouncil.org/fibo/ontology/master/latest/BE/SoleProprietorships/AboutSoleProprietorships/"/>
  <uri id="User Entered Import Resolution" uri="./BE/LegalEntitiesExt/LEICapacity.rdf" name="https://spec.edmcouncil.org/fibo/ontology/master/latest/BE/LegalEntitiesExt/LEICapacity/"/>
  <uri id="User Entered Import Resolution" uri="./BE/LegalEntitiesExt/LegalPersonsExtended.rdf" name="https://spec.edmcouncil.org/fibo/ontology/master/latest/BE/LegalEntitiesExt/LegalPersonsExtended/"/>
  <uri id="User Entered Import Resolution" uri="./BE/LegalEntitiesExt/EntityNames.rdf" name="https://spec.edmcouncil.org/fibo/ontology/master/latest/BE/LegalEntitiesExt/EntityNames/"/>
  <uri id="User Entered Import Resolution" uri="./BE/LegalEntitiesExt/FormalOrganizationsExtended.rdf" name="https://spec.edmcouncil.org/fibo/ontology/master/latest/BE/LegalEntitiesExt/FormalOrganizationsExtended/"/>
  <uri id="User Entered Import Resolution" uri="./BE/LegalEntitiesExt/CorporateBodiesGuarantees.rdf" name="https://spec.edmcouncil.org/fibo/ontology/master/latest/BE/LegalEntitiesExt/CorporateBodiesGuarantees/"/>
  <uri id="User Entered Import Resolution" uri="./BE/OwnershipAndControl/CorporateControl.rdf" name="https://spec.edmcouncil.org/fibo/ontology/master/latest/BE/OwnershipAndControl/CorporateControl/"/>
  <uri id="User Entered Import Resolution" uri="./BE/OwnershipAndControl/Executives.rdf" name="https://spec.edmcouncil.org/fibo/ontology/master/latest/BE/OwnershipAndControl/Executives/"/>
  <uri id="User Entered Import Resolution" uri="./BE/OwnershipAndControl/CorporateOwnership.rdf" name="https://spec.edmcouncil.org/fibo/ontology/master/latest/BE/OwnershipAndControl/CorporateOwnership/"/>
  <uri id="User Entered Import Resolution" uri="./BE/OwnershipAndControl/AboutBEOwnershipAndControl.rdf" name="https://spec.edmcouncil.org/fibo/ontology/master/latest/BE/OwnershipAndControl/AboutBEOwnershipAndControl/"/>
  <uri id="User Entered Import Resolution" uri="./BE/OwnershipAndControl/OwnershipParties.rdf" name="https://spec.edmcouncil.org/fibo/ontology/master/latest/BE/OwnershipAndControl/OwnershipParties/"/>
  <uri id="User Entered Import Resolution" uri="./BE/OwnershipAndControl/ControlParties.rdf" name="https://spec.edmcouncil.org/fibo/ontology/master/latest/BE/OwnershipAndControl/ControlParties/"/>
  <uri id="User Entered Import Resolution" uri="./BE/CorporationsExt/DeemedParents.rdf" name="https://spec.edmcouncil.org/fibo/ontology/master/latest/BE/CorporationsExt/DeemedParents/"/>
  <uri id="User Entered Import Resolution" uri="./BE/CorporationsExt/CorporationsExtras.rdf" name="https://spec.edmcouncil.org/fibo/ontology/master/latest/BE/CorporationsExt/CorporationsExtras/"/>
  <uri id="User Entered Import Resolution" uri="./BE/CorporationsExt/CorporationEquity.rdf" name="https://spec.edmcouncil.org/fibo/ontology/master/latest/BE/CorporationsExt/CorporationEquity/"/>
  <uri id="User Entered Import Resolution" uri="./BE/EntitiesTypesExt/LegalFoundations.rdf" name="https://spec.edmcouncil.org/fibo/ontology/master/latest/BE/EntitiesTypesExt/LegalFoundations/"/>
  <uri id="User Entered Import Resolution" uri="./BE/FunctionalEntities/AboutFunctionalEntities.rdf" name="https://spec.edmcouncil.org/fibo/ontology/master/latest/BE/FunctionalEntities/AboutFunctionalEntities/"/>
  <uri id="User Entered Import Resolution" uri="./BE/FunctionalEntities/FunctionalEntities.rdf" name="https://spec.edmcouncil.org/fibo/ontology/master/latest/BE/FunctionalEntities/FunctionalEntities/"/>
  <uri id="User Entered Import Resolution" uri="./BE/FunctionalEntities/Publishers.rdf" name="https://spec.edmcouncil.org/fibo/ontology/master/latest/BE/FunctionalEntities/Publishers/"/>
  <uri id="User Entered Import Resolution" uri="./BE/FunctionalEntitiesExt/FundEntities.rdf" name="https://spec.edmcouncil.org/fibo/ontology/master/latest/BE/FunctionalEntitiesExt/FundEntities/"/>
  <uri id="User Entered Import Resolution" uri="./BE/FunctionalEntitiesExt/Branding.rdf" name="https://spec.edmcouncil.org/fibo/ontology/master/latest/BE/FunctionalEntitiesExt/Branding/"/>
  <uri id="User Entered Import Resolution" uri="./BE/FunctionalEntitiesExt/ReportingEntities.rdf" name="https://spec.edmcouncil.org/fibo/ontology/master/latest/BE/FunctionalEntitiesExt/ReportingEntities/"/>
  <uri id="User Entered Import Resolution" uri="./BE/FunctionalEntitiesExt/ProcessEntities.rdf" name="https://spec.edmcouncil.org/fibo/ontology/master/latest/BE/FunctionalEntitiesExt/ProcessEntities/"/>
  <uri id="User Entered Import Resolution" uri="./BE/FunctionalEntitiesExt/SPVs.rdf" name="https://spec.edmcouncil.org/fibo/ontology/master/latest/BE/FunctionalEntitiesExt/SPVs/"/>
  <uri id="User Entered Import Resolution" uri="./BE/FunctionalEntitiesExt/StateEntities.rdf" name="https://spec.edmcouncil.org/fibo/ontology/master/latest/BE/FunctionalEntitiesExt/StateEntities/"/>
  <uri id="User Entered Import Resolution" uri="./BE/Corporations/Corporations.rdf" name="https://spec.edmcouncil.org/fibo/ontology/master/latest/BE/Corporations/Corporations/"/>
  <uri id="User Entered Import Resolution" uri="./BE/Corporations/AboutCorporations.rdf" name="https://spec.edmcouncil.org/fibo/ontology/master/latest/BE/Corporations/AboutCorporations/"/>
  <uri id="User Entered Import Resolution" uri="./BE/Trusts/AboutTrusts.rdf" name="https://spec.edmcouncil.org/fibo/ontology/master/latest/BE/Trusts/AboutTrusts/"/>
  <uri id="User Entered Import Resolution" uri="./BE/Trusts/Trusts.rdf" name="https://spec.edmcouncil.org/fibo/ontology/master/latest/BE/Trusts/Trusts/"/>
  <uri id="User Entered Import Resolution" uri="./BE/AboutBE.rdf" name="https://spec.edmcouncil.org/fibo/ontology/master/latest/BE/AboutBE/"/>
  <uri id="User Entered Import Resolution" uri="./CAE/CorporateEvents/CorporateActionsEvents.rdf" name="https://spec.edmcouncil.org/fibo/ontology/master/latest/CAE/CorporateEvents/CorporateActionsEvents/"/>
  <uri id="User Entered Import Resolution" uri="./MD/DebtTemporal/DebtAnalytics.rdf" name="https://spec.edmcouncil.org/fibo/ontology/master/latest/MD/DebtTemporal/DebtAnalytics/"/>
  <uri id="User Entered Import Resolution" uri="./MD/DebtTemporal/DebtInterestAmounts.rdf" name="https://spec.edmcouncil.org/fibo/ontology/master/latest/MD/DebtTemporal/DebtInterestAmounts/"/>
  <uri id="User Entered Import Resolution" uri="./MD/DebtTemporal/DebtPricingYields.rdf" name="https://spec.edmcouncil.org/fibo/ontology/master/latest/MD/DebtTemporal/DebtPricingYields/"/>
  <uri id="User Entered Import Resolution" uri="./MD/DebtTemporal/DebtRedemptionAmounts.rdf" name="https://spec.edmcouncil.org/fibo/ontology/master/latest/MD/DebtTemporal/DebtRedemptionAmounts/"/>
  <uri id="User Entered Import Resolution" uri="./MD/DerivativesTemporal/FuturesTemporal.rdf" name="https://spec.edmcouncil.org/fibo/ontology/master/latest/MD/DerivativesTemporal/FuturesTemporal/"/>
  <uri id="User Entered Import Resolution" uri="./MD/DerivativesTemporal/ETOptionsTemporal.rdf" name="https://spec.edmcouncil.org/fibo/ontology/master/latest/MD/DerivativesTemporal/ETOptionsTemporal/"/>
  <uri id="User Entered Import Resolution" uri="./MD/CIVTemporal/FundsTemporal.rdf" name="https://spec.edmcouncil.org/fibo/ontology/master/latest/MD/CIVTemporal/FundsTemporal/"/>
  <uri id="User Entered Import Resolution" uri="./MD/TemporalCore/CreditRatings.rdf" name="https://spec.edmcouncil.org/fibo/ontology/master/latest/MD/TemporalCore/CreditRatings/"/>
  <uri id="User Entered Import Resolution" uri="./MD/TemporalCore/SecurityTradingStatuses.rdf" name="https://spec.edmcouncil.org/fibo/ontology/master/latest/MD/TemporalCore/SecurityTradingStatuses/"/>
  <uri id="User Entered Import Resolution" uri="./MD/TemporalCore/TemporalConcepts.rdf" name="https://spec.edmcouncil.org/fibo/ontology/master/latest/MD/TemporalCore/TemporalConcepts/"/>
  <uri id="User Entered Import Resolution" uri="./MD/TemporalCore/AnalysisCurves.rdf" name="https://spec.edmcouncil.org/fibo/ontology/master/latest/MD/TemporalCore/AnalysisCurves/"/>
  <uri id="User Entered Import Resolution" uri="./MD/TemporalCore/SecurityCreditStatuses.rdf" name="https://spec.edmcouncil.org/fibo/ontology/master/latest/MD/TemporalCore/SecurityCreditStatuses/"/>
  <uri id="User Entered Import Resolution" uri="./MD/TemporalCore/CreditEvents.rdf" name="https://spec.edmcouncil.org/fibo/ontology/master/latest/MD/TemporalCore/CreditEvents/"/>
  <uri id="User Entered Import Resolution" uri="./MD/TemporalCore/InstrumentTemporalTerms.rdf" name="https://spec.edmcouncil.org/fibo/ontology/master/latest/MD/TemporalCore/InstrumentTemporalTerms/"/>
  <uri id="User Entered Import Resolution" uri="./MD/EquityTemporal/EquityPricing.rdf" name="https://spec.edmcouncil.org/fibo/ontology/master/latest/MD/EquityTemporal/EquityPricing/"/>
<!-- Automatically built by EDMC infrastructure -->
</catalog>
